<beans xmlns="http://www.springframework.org/schema/beans"
	xmlns:context="http://www.springframework.org/schema/context"
	xmlns:xsi="http://www.w3.org/2001/XMLSchema-instance"
	xsi:schemaLocation="
http://www.springframework.org/schema/beans
http://www.springframework.org/schema/beans/spring-beans-3.0.xsd
http://www.springframework.org/schema/context
http://www.springframework.org/schema/context/spring-context-3.0.xsd">
 
	<context:component-scan base-package="controller" />
 
	<bean
		class="org.springframework.web.servlet.view.InternalResourceViewResolver">
		<property name="prefix">
			<value>/WEB-INF/views/</value>
		</property>
		<property name="suffix">
			<value>.jsp</value>
		</property>
	</bean>

	
	<bean id="ds" class="org.springframework.jdbc.datasource.DriverManagerDataSource">    
	<property name="driverClassName" value="com.mysql.jdbc.Driver"></property>    
	<property name="url" value="jdbc:mysql://localhost:3306/Discussion_room_Booking"></property>    
	<property name="username" value="root"></property>    
	<property name="password" value="Temp1234"></property>    
	</bean>    
    
	<bean id="jt" class="org.springframework.jdbc.core.JdbcTemplate">    
	<property name="dataSource" ref="ds"></property>    
	</bean>    
	<bean name="service"
		class="services.AssetServiceImpl">
		  <!-- <property name="reservationDaoImpl" ref="daoImpl" />  -->
	</bean>
	<bean id="daoImpl" class="dao.AssetDaoImpl">    
<property name="template" ref="jt"></property>    
</bean>       
    <!--
	<bean name="services"
		class="services.AssetServiceImpl">
		<property name="reservationDaoImpl" ref="daoImpl" />  
	</bean>
	 <bean name="daoImpl"
		class="dao.AssetDaoImpl">
		  <property name="sessionFactory" ref="sessionFactory" /> 
	</bean>  -->
</beans>
